{"cameraMode":{"drawMode":0,"name":"Shaded","section":"Shading Mode"},"sceneLighting":false,"audioPlay":false,"sceneViewState":{"showFog":true,"showMaterialUpdate":true,"showSkybox":false,"showFlares":true,"showImageEffects":true,"showParticleSystems":true},"in2DMode":false,"pivot":{"x":24.34137535095215,"y":8.208303451538086,"z":5.5292463302612309},"rotation":{"x":0.07726138085126877,"y":-0.9142751097679138,"z":0.20867599546909333,"w":0.33850669860839846},"size":24.804567337036134,"orthographic":false}