{"cameraMode":{"drawMode":0,"name":"Shaded","section":"Shading Mode"},"sceneLighting":false,"audioPlay":false,"sceneViewState":{"showFog":true,"showMaterialUpdate":true,"showSkybox":false,"showFlares":true,"showImageEffects":true,"showParticleSystems":true},"in2DMode":false,"pivot":{"x":-14.521281242370606,"y":-7.009375095367432,"z":-14.289945602416993},"rotation":{"x":0.27578553557395937,"y":0.056191585958004,"z":-0.016151245683431627,"w":0.959441065788269},"size":98.63720703125,"orthographic":true}