{"cameraMode":{"drawMode":0,"name":"Shaded","section":"Shading Mode"},"sceneLighting":true,"audioPlay":false,"sceneViewState":{"showFog":true,"showMaterialUpdate":true,"showSkybox":true,"showFlares":true,"showImageEffects":true,"showParticleSystems":true},"in2DMode":false,"pivot":{"x":-34.11281967163086,"y":-31.68271827697754,"z":5.417016506195068},"rotation":{"x":0.2647790014743805,"y":-0.6282588839530945,"z":0.240780770778656,"w":0.6908153891563416},"size":27.689979553222658,"orthographic":false}