{"cameraMode":{"drawMode":0,"name":"Shaded","section":"Shading Mode"},"sceneLighting":false,"audioPlay":false,"sceneViewState":{"showFog":true,"showMaterialUpdate":true,"showSkybox":false,"showFlares":true,"showImageEffects":true,"showParticleSystems":true},"in2DMode":false,"pivot":{"x":0.0010895375162363053,"y":0.000014205463230609894,"z":-0.00005298154428601265},"rotation":{"x":0.05357295647263527,"y":-0.448417067527771,"z":0.026937367394566537,"w":0.8918108344078064},"size":0.012806185521185398,"orthographic":true}