{"cameraMode":{"drawMode":0,"name":"Shaded","section":"Shading Mode"},"sceneLighting":false,"audioPlay":false,"sceneViewState":{"showFog":true,"showMaterialUpdate":true,"showSkybox":false,"showFlares":true,"showImageEffects":true,"showParticleSystems":true},"in2DMode":false,"pivot":{"x":4.42578125,"y":8.991199493408204,"z":0.11932983249425888},"rotation":{"x":0.09137247502803803,"y":0.000599220278672874,"z":-0.00005490279363584705,"w":0.9958176612854004},"size":22.748117446899415,"orthographic":true}