{"cameraMode":{"drawMode":0,"name":"Shaded","section":"Shading Mode"},"sceneLighting":false,"audioPlay":false,"sceneViewState":{"showFog":true,"showMaterialUpdate":true,"showSkybox":false,"showFlares":true,"showImageEffects":true,"showParticleSystems":true},"in2DMode":false,"pivot":{"x":-9.683454513549805,"y":-2.2780537605285646,"z":3.561333417892456},"rotation":{"x":0.19089920818805695,"y":-0.6928892731666565,"z":0.19849330186843873,"w":0.6663800477981567},"size":16.50993537902832,"orthographic":false}