{"cameraMode":{"drawMode":0,"name":"Shaded","section":"Shading Mode"},"sceneLighting":true,"audioPlay":false,"sceneViewState":{"showFog":true,"showMaterialUpdate":true,"showSkybox":true,"showFlares":true,"showImageEffects":true,"showParticleSystems":true},"in2DMode":false,"pivot":{"x":66.27244567871094,"y":-9.406015396118164,"z":3.5456011295318605},"rotation":{"x":0.46259772777557375,"y":0.28504347801208498,"z":-0.16000376641750337,"w":0.8241103291511536},"size":38.95618438720703,"orthographic":false}