{"cameraMode":{"drawMode":0,"name":"Shaded","section":"Shading Mode"},"sceneLighting":false,"audioPlay":false,"sceneViewState":{"showFog":true,"showMaterialUpdate":true,"showSkybox":false,"showFlares":true,"showImageEffects":true,"showParticleSystems":true},"in2DMode":false,"pivot":{"x":70.5,"y":7.477358818054199,"z":12.099998474121094},"rotation":{"x":0.3683023154735565,"y":0.030672114342451097,"z":-0.012158394791185856,"w":0.9291205406188965},"size":54.86313247680664,"orthographic":true}