{"cameraMode":{"drawMode":0,"name":"Shaded","section":"Shading Mode"},"sceneLighting":false,"audioPlay":false,"sceneViewState":{"showFog":true,"showMaterialUpdate":true,"showSkybox":false,"showFlares":true,"showImageEffects":true,"showParticleSystems":true},"in2DMode":false,"pivot":{"x":47.07699203491211,"y":17.52638816833496,"z":36.46066665649414},"rotation":{"x":-0.012974371202290059,"y":0.6513595581054688,"z":0.011140665970742703,"w":0.7585768103599548},"size":70.29877471923828,"orthographic":false}