{"cameraMode":{"drawMode":0,"name":"Shaded","section":"Shading Mode"},"sceneLighting":false,"audioPlay":false,"sceneViewState":{"showFog":true,"showMaterialUpdate":true,"showSkybox":false,"showFlares":true,"showImageEffects":true,"showParticleSystems":true},"in2DMode":false,"pivot":{"x":-7.596442222595215,"y":-9.227399826049805,"z":-26.20261573791504},"rotation":{"x":-0.0306960791349411,"y":0.9513276815414429,"z":-0.28959590196609499,"w":-0.10083707422018051},"size":25.052526473999025,"orthographic":false}