{"cameraMode":{"drawMode":0,"name":"Shaded","section":"Shading Mode"},"sceneLighting":false,"audioPlay":false,"sceneViewState":{"showFog":true,"showMaterialUpdate":true,"showSkybox":false,"showFlares":true,"showImageEffects":true,"showParticleSystems":true},"in2DMode":false,"pivot":{"x":2.184084415435791,"y":16.312274932861329,"z":16.29555892944336},"rotation":{"x":0.3441777229309082,"y":-0.0506662018597126,"z":0.01860368251800537,"w":0.9373520016670227},"size":40.50344467163086,"orthographic":false}