{"cameraMode":{"drawMode":0,"name":"Shaded","section":"Shading Mode"},"sceneLighting":false,"audioPlay":false,"sceneViewState":{"showFog":true,"showMaterialUpdate":true,"showSkybox":false,"showFlares":true,"showImageEffects":true,"showParticleSystems":true},"in2DMode":false,"pivot":{"x":0.8717597723007202,"y":6.143014907836914,"z":-2.2115559577941896},"rotation":{"x":-0.012594944797456265,"y":0.9846397638320923,"z":-0.08023765683174133,"w":-0.15455837547779084},"size":10.0,"orthographic":false}