{"cameraMode":{"drawMode":0,"name":"Shaded","section":"Shading Mode"},"sceneLighting":false,"audioPlay":false,"sceneViewState":{"showFog":true,"showMaterialUpdate":true,"showSkybox":false,"showFlares":true,"showImageEffects":true,"showParticleSystems":true},"in2DMode":false,"pivot":{"x":8.953949928283692,"y":4.540513038635254,"z":-6.712038040161133},"rotation":{"x":0.062139224261045459,"y":0.7880779504776001,"z":-0.08066412806510925,"w":0.6070960164070129},"size":14.781091690063477,"orthographic":true}