{"cameraMode":{"drawMode":0,"name":"Shaded","section":"Shading Mode"},"sceneLighting":false,"audioPlay":false,"sceneViewState":{"showFog":true,"showMaterialUpdate":true,"showSkybox":false,"showFlares":true,"showImageEffects":true,"showParticleSystems":true},"in2DMode":false,"pivot":{"x":0.20055343210697175,"y":-0.05471966415643692,"z":82.32405853271485},"rotation":{"x":0.36653125286102297,"y":0.09604489058256149,"z":-0.0380721241235733,"w":0.9246522784233093},"size":6.409748554229736,"orthographic":false}