{"cameraMode":{"drawMode":0,"name":"Shaded","section":"Shading Mode"},"sceneLighting":false,"audioPlay":false,"sceneViewState":{"showFog":true,"showMaterialUpdate":true,"showSkybox":false,"showFlares":true,"showImageEffects":true,"showParticleSystems":true},"in2DMode":false,"pivot":{"x":-0.010686473920941353,"y":-0.0034672142937779428,"z":0.012284887954592705},"rotation":{"x":0.06204593926668167,"y":-0.45799583196640017,"z":0.03206532448530197,"w":0.8862088322639465},"size":0.018367191776633264,"orthographic":true}