{"cameraMode":{"drawMode":0,"name":"Shaded","section":"Shading Mode"},"sceneLighting":false,"audioPlay":false,"sceneViewState":{"showFog":true,"showMaterialUpdate":true,"showSkybox":false,"showFlares":true,"showImageEffects":true,"showParticleSystems":true},"in2DMode":false,"pivot":{"x":84.54168701171875,"y":-8.891437530517579,"z":48.628360748291019},"rotation":{"x":0.04994488134980202,"y":0.6972944140434265,"z":-0.04881895333528519,"w":0.713374137878418},"size":102.21942901611328,"orthographic":false}