{"cameraMode":{"drawMode":0,"name":"Shaded","section":"Shading Mode"},"sceneLighting":false,"audioPlay":false,"sceneViewState":{"showFog":true,"showMaterialUpdate":true,"showSkybox":false,"showFlares":true,"showImageEffects":true,"showParticleSystems":true},"in2DMode":false,"pivot":{"x":-6.176370143890381,"y":-5.650182723999023,"z":7.097338676452637},"rotation":{"x":0.09535615146160126,"y":-0.713907778263092,"z":0.09914947301149368,"w":0.6865944862365723},"size":10.228671073913575,"orthographic":false}