{"cameraMode":{"drawMode":0,"name":"Shaded","section":"Shading Mode"},"sceneLighting":false,"audioPlay":false,"sceneViewState":{"showFog":true,"showMaterialUpdate":true,"showSkybox":false,"showFlares":true,"showImageEffects":true,"showParticleSystems":true},"in2DMode":false,"pivot":{"x":0.5554343461990356,"y":15.904926300048829,"z":0.08124999701976776},"rotation":{"x":0.21507540345191956,"y":0.03368508815765381,"z":-0.007422984577715397,"w":0.9759885668754578},"size":23.669170379638673,"orthographic":true}