{"cameraMode":{"drawMode":0,"name":"Shaded","section":"Shading Mode"},"sceneLighting":true,"audioPlay":false,"sceneViewState":{"showFog":true,"showMaterialUpdate":true,"showSkybox":true,"showFlares":true,"showImageEffects":true,"showParticleSystems":true},"in2DMode":false,"pivot":{"x":86.93912506103516,"y":7.6650495529174809,"z":49.72127914428711},"rotation":{"x":0.3169313073158264,"y":-0.006542284041643143,"z":0.002186257392168045,"w":0.9484241604804993},"size":4.5264410972595219,"orthographic":false}