{"cameraMode":{"drawMode":0,"name":"Shaded","section":"Shading Mode"},"sceneLighting":true,"audioPlay":false,"sceneViewState":{"showFog":true,"showMaterialUpdate":true,"showSkybox":true,"showFlares":true,"showImageEffects":true,"showParticleSystems":true},"in2DMode":false,"pivot":{"x":29.748329162597658,"y":5.525095462799072,"z":26.077821731567384},"rotation":{"x":0.4188222289085388,"y":0.05171395093202591,"z":-0.02389875054359436,"w":0.9062796831130981},"size":6.312246799468994,"orthographic":false}