{"cameraMode":{"drawMode":0,"name":"Shaded","section":"Shading Mode"},"sceneLighting":false,"audioPlay":false,"sceneViewState":{"showFog":true,"showMaterialUpdate":true,"showSkybox":false,"showFlares":true,"showImageEffects":true,"showParticleSystems":true},"in2DMode":false,"pivot":{"x":4.42578125,"y":8.991199493408204,"z":0.11932983249425888},"rotation":{"x":-0.0738326758146286,"y":-0.4846031069755554,"z":-0.04109569638967514,"w":0.8706446886062622},"size":22.748117446899415,"orthographic":true}