{"cameraMode":{"drawMode":0,"name":"Shaded","section":"Shading Mode"},"sceneLighting":false,"audioPlay":false,"sceneViewState":{"showFog":true,"showMaterialUpdate":true,"showSkybox":false,"showFlares":true,"showImageEffects":true,"showParticleSystems":true},"in2DMode":false,"pivot":{"x":0.6249508857727051,"y":1.3194890022277833,"z":3.223189115524292},"rotation":{"x":-0.0195030365139246,"y":-0.6439303755760193,"z":-0.01642378605902195,"w":0.7646591067314148},"size":7.87357234954834,"orthographic":false}