{"cameraMode":{"drawMode":0,"name":"Shaded","section":"Shading Mode"},"sceneLighting":false,"audioPlay":false,"sceneViewState":{"showFog":true,"showMaterialUpdate":true,"showSkybox":false,"showFlares":true,"showImageEffects":true,"showParticleSystems":true},"in2DMode":false,"pivot":{"x":-0.002961602760478854,"y":-0.002048341790214181,"z":0.0034882291220128538},"rotation":{"x":0.1397874504327774,"y":-0.41316068172454836,"z":0.06434619426727295,"w":0.8975626230239868},"size":0.024129947647452356,"orthographic":true}