{"cameraMode":{"drawMode":0,"name":"Shaded","section":"Shading Mode"},"sceneLighting":false,"audioPlay":false,"sceneViewState":{"showFog":true,"showMaterialUpdate":true,"showSkybox":false,"showFlares":true,"showImageEffects":true,"showParticleSystems":true},"in2DMode":false,"pivot":{"x":-0.004582565277814865,"y":0.002249279525130987,"z":-0.0003223875246476382},"rotation":{"x":0.23864200711250306,"y":-0.4359409511089325,"z":0.12107241898775101,"w":0.8592733144760132},"size":0.011871128343045712,"orthographic":false}