{"cameraMode":{"drawMode":0,"name":"Shaded","section":"Shading Mode"},"sceneLighting":true,"audioPlay":false,"sceneViewState":{"showFog":true,"showMaterialUpdate":true,"showSkybox":true,"showFlares":true,"showImageEffects":true,"showParticleSystems":true},"in2DMode":false,"pivot":{"x":64.50115966796875,"y":-26.205825805664064,"z":23.308319091796876},"rotation":{"x":0.4867698550224304,"y":0.017557503655552865,"z":-0.00978634599596262,"w":0.8733004331588745},"size":60.7470588684082,"orthographic":false}