{"cameraMode":{"drawMode":0,"name":"Shaded","section":"Shading Mode"},"sceneLighting":false,"audioPlay":false,"sceneViewState":{"showFog":true,"showMaterialUpdate":true,"showSkybox":false,"showFlares":true,"showImageEffects":true,"showParticleSystems":true},"in2DMode":false,"pivot":{"x":0.005017096176743507,"y":-0.00017315379227511585,"z":0.00036554335383698344},"rotation":{"x":0.02172321453690529,"y":-0.4248204231262207,"z":0.010197636671364308,"w":0.9049602746963501},"size":0.018729262053966523,"orthographic":true}