{"cameraMode":{"drawMode":0,"name":"Shaded","section":"Shading Mode"},"sceneLighting":true,"audioPlay":false,"sceneViewState":{"showFog":true,"showMaterialUpdate":true,"showSkybox":false,"showFlares":true,"showImageEffects":true,"showParticleSystems":true},"in2DMode":false,"pivot":{"x":-25.258554458618165,"y":-69.45806884765625,"z":164.9228515625},"rotation":{"x":0.18493010103702546,"y":-0.4270015060901642,"z":0.08967389911413193,"w":0.8805853724479675},"size":7.601027011871338,"orthographic":true}