{"cameraMode":{"drawMode":0,"name":"Shaded","section":"Shading Mode"},"sceneLighting":false,"audioPlay":false,"sceneViewState":{"showFog":true,"showMaterialUpdate":true,"showSkybox":false,"showFlares":true,"showImageEffects":true,"showParticleSystems":true},"in2DMode":false,"pivot":{"x":-10.775659561157227,"y":-15.28975772857666,"z":-21.360612869262697},"rotation":{"x":-0.0306960791349411,"y":0.9513276815414429,"z":-0.28959590196609499,"w":-0.10083707422018051},"size":25.052526473999025,"orthographic":false}