{"cameraMode":{"drawMode":0,"name":"Shaded","section":"Shading Mode"},"sceneLighting":false,"audioPlay":false,"sceneViewState":{"showFog":true,"showMaterialUpdate":true,"showSkybox":false,"showFlares":true,"showImageEffects":true,"showParticleSystems":true},"in2DMode":false,"pivot":{"x":-1.4603509902954102,"y":2.6592276096343996,"z":79.05730438232422},"rotation":{"x":0.38075119256973269,"y":-0.03466314077377319,"z":0.014284861274063588,"w":0.9239174723625183},"size":6.896235466003418,"orthographic":false}