{"cameraMode":{"drawMode":0,"name":"Shaded","section":"Shading Mode"},"sceneLighting":true,"audioPlay":false,"sceneViewState":{"showFog":true,"showMaterialUpdate":true,"showSkybox":false,"showFlares":true,"showImageEffects":true,"showParticleSystems":true},"in2DMode":false,"pivot":{"x":-0.018954753875732423,"y":1.7221415042877198,"z":0.22260189056396485},"rotation":{"x":0.47496309876441958,"y":-0.09338770806789398,"z":0.050775691866874698,"w":0.8735620975494385},"size":6.283626079559326,"orthographic":true}