{"cameraMode":{"drawMode":0,"name":"Shaded","section":"Shading Mode"},"sceneLighting":false,"audioPlay":false,"sceneViewState":{"showFog":true,"showMaterialUpdate":true,"showSkybox":false,"showFlares":true,"showImageEffects":true,"showParticleSystems":true},"in2DMode":false,"pivot":{"x":-6.726085662841797,"y":18.382946014404298,"z":-6.383689880371094},"rotation":{"x":0.0638609230518341,"y":-0.9346976280212402,"z":0.27262410521507265,"w":0.2189481109380722},"size":22.35637664794922,"orthographic":false}