{"cameraMode":{"drawMode":0,"name":"Shaded","section":"Shading Mode"},"sceneLighting":false,"audioPlay":false,"sceneViewState":{"showFog":true,"showMaterialUpdate":true,"showSkybox":false,"showFlares":true,"showImageEffects":true,"showParticleSystems":true},"in2DMode":false,"pivot":{"x":4.829176425933838,"y":-12.883100509643555,"z":16.372989654541017},"rotation":{"x":-0.32394084334373476,"y":-0.11371538788080216,"z":0.03925560787320137,"w":-0.9383987188339233},"size":24.904499053955079,"orthographic":false}