{"cameraMode":{"drawMode":0,"name":"Shaded","section":"Shading Mode"},"sceneLighting":false,"audioPlay":false,"sceneViewState":{"showFog":true,"showMaterialUpdate":true,"showSkybox":false,"showFlares":true,"showImageEffects":true,"showParticleSystems":true},"in2DMode":false,"pivot":{"x":0.04603494703769684,"y":8.715627670288086,"z":1.1445558071136475},"rotation":{"x":0.1265563815832138,"y":0.004463797900825739,"z":-0.0005695167346857488,"w":0.9919496178627014},"size":3.302243709564209,"orthographic":false}