{"cameraMode":{"drawMode":0,"name":"Shaded","section":"Shading Mode"},"sceneLighting":false,"audioPlay":false,"sceneViewState":{"showFog":true,"showMaterialUpdate":true,"showSkybox":false,"showFlares":true,"showImageEffects":true,"showParticleSystems":true},"in2DMode":false,"pivot":{"x":9.078380584716797,"y":10.422954559326172,"z":4.221397399902344},"rotation":{"x":0.11272728443145752,"y":-0.0863322913646698,"z":0.009832097217440606,"w":0.9898195266723633},"size":52.63665771484375,"orthographic":false}