{"cameraMode":{"drawMode":0,"name":"Shaded","section":"Shading Mode"},"sceneLighting":false,"audioPlay":false,"sceneViewState":{"showFog":true,"showMaterialUpdate":true,"showSkybox":false,"showFlares":true,"showImageEffects":true,"showParticleSystems":true},"in2DMode":false,"pivot":{"x":1.6345241069793702,"y":-0.052915677428245547,"z":0.7620772123336792},"rotation":{"x":0.23238979279994965,"y":-0.12072507292032242,"z":0.029082972556352617,"w":0.9646634459495544},"size":6.748580455780029,"orthographic":false}