{"cameraMode":{"drawMode":0,"name":"Shaded","section":"Shading Mode"},"sceneLighting":false,"audioPlay":false,"sceneViewState":{"showFog":true,"showMaterialUpdate":true,"showSkybox":false,"showFlares":true,"showImageEffects":true,"showParticleSystems":true},"in2DMode":false,"pivot":{"x":-6.183221340179443,"y":17.538040161132814,"z":-4.08949089050293},"rotation":{"x":0.28328937292099,"y":-0.03307840973138809,"z":0.009777361527085305,"w":0.9584139585494995},"size":51.059654235839847,"orthographic":false}