{"cameraMode":{"drawMode":0,"name":"Shaded","section":"Shading Mode"},"sceneLighting":false,"audioPlay":false,"sceneViewState":{"showFog":true,"showMaterialUpdate":true,"showSkybox":false,"showFlares":true,"showImageEffects":true,"showParticleSystems":true},"in2DMode":false,"pivot":{"x":0.003332520369440317,"y":-0.0005111678037792444,"z":-0.0014564665034413338},"rotation":{"x":-0.026579705998301507,"y":-0.7619374394416809,"z":0.03133111074566841,"w":-0.6463489532470703},"size":0.011871128343045712,"orthographic":true}