{"cameraMode":{"drawMode":0,"name":"Shaded","section":"Shading Mode"},"sceneLighting":false,"audioPlay":false,"sceneViewState":{"showFog":true,"showMaterialUpdate":true,"showSkybox":false,"showFlares":true,"showImageEffects":true,"showParticleSystems":true},"in2DMode":false,"pivot":{"x":3.488870143890381,"y":-0.059747662395238879,"z":2.225383758544922},"rotation":{"x":0.2359679639339447,"y":0.2794542908668518,"z":-0.07105882465839386,"w":0.927995502948761},"size":15.735051155090332,"orthographic":true}