{"cameraMode":{"drawMode":0,"name":"Shaded","section":"Shading Mode"},"sceneLighting":true,"audioPlay":false,"sceneViewState":{"showFog":true,"showMaterialUpdate":true,"showSkybox":true,"showFlares":true,"showImageEffects":true,"showParticleSystems":true},"in2DMode":false,"pivot":{"x":29.027639389038087,"y":17.88302230834961,"z":88.02007293701172},"rotation":{"x":-0.10033198446035385,"y":0.0038924836553633215,"z":-0.000376822252292186,"w":-0.994959831237793},"size":51.952301025390628,"orthographic":false}