{"cameraMode":{"drawMode":0,"name":"Shaded","section":"Shading Mode"},"sceneLighting":false,"audioPlay":false,"sceneViewState":{"showFog":true,"showMaterialUpdate":true,"showSkybox":false,"showFlares":true,"showImageEffects":true,"showParticleSystems":true},"in2DMode":false,"pivot":{"x":0.0,"y":0.00943949818611145,"z":1.0153310298919678},"rotation":{"x":0.07342558354139328,"y":-0.3880877196788788,"z":0.031035849824547769,"w":0.9181703925132752},"size":1.303067684173584,"orthographic":true}