{"cameraMode":{"drawMode":0,"name":"Shaded","section":"Shading Mode"},"sceneLighting":false,"audioPlay":false,"sceneViewState":{"showFog":true,"showMaterialUpdate":true,"showSkybox":false,"showFlares":true,"showImageEffects":true,"showParticleSystems":true},"in2DMode":false,"pivot":{"x":1.5934865474700928,"y":-2.0504236221313478,"z":-0.11565017700195313},"rotation":{"x":0.20775090157985688,"y":-0.08059606701135636,"z":0.017178459092974664,"w":0.9747046828269959},"size":8.576610565185547,"orthographic":false}