{"cameraMode":{"drawMode":0,"name":"Shaded","section":"Shading Mode"},"sceneLighting":false,"audioPlay":false,"sceneViewState":{"showFog":true,"showMaterialUpdate":true,"showSkybox":false,"showFlares":true,"showImageEffects":true,"showParticleSystems":true},"in2DMode":false,"pivot":{"x":0.0,"y":2.872645616531372,"z":-119.07689666748047},"rotation":{"x":0.2748017907142639,"y":0.010095516219735146,"z":-0.002885797992348671,"w":0.9614472985267639},"size":238.89088439941407,"orthographic":false}