{"cameraMode":{"drawMode":0,"name":"Shaded","section":"Shading Mode"},"sceneLighting":false,"audioPlay":false,"sceneViewState":{"showFog":true,"showMaterialUpdate":true,"showSkybox":false,"showFlares":true,"showImageEffects":true,"showParticleSystems":true},"in2DMode":false,"pivot":{"x":9.130681991577149,"y":2.894070625305176,"z":1.6274244785308838},"rotation":{"x":0.16821402311325074,"y":0.45081090927124026,"z":-0.0869336947798729,"w":0.8723057508468628},"size":21.81462287902832,"orthographic":false}