{"cameraMode":{"drawMode":0,"name":"Shaded","section":"Shading Mode"},"sceneLighting":false,"audioPlay":false,"sceneViewState":{"showFog":true,"showMaterialUpdate":true,"showSkybox":false,"showFlares":true,"showImageEffects":true,"showParticleSystems":true},"in2DMode":false,"pivot":{"x":34.0,"y":5.071793556213379,"z":-51.650001525878909},"rotation":{"x":0.32469937205314639,"y":-0.03262193500995636,"z":0.011206572875380516,"w":0.9451881647109985},"size":25.384998321533204,"orthographic":false}