{"cameraMode":{"drawMode":0,"name":"Shaded","section":"Shading Mode"},"sceneLighting":false,"audioPlay":false,"sceneViewState":{"showFog":true,"showMaterialUpdate":true,"showSkybox":false,"showFlares":true,"showImageEffects":true,"showParticleSystems":true},"in2DMode":false,"pivot":{"x":0.00005756044993177056,"y":0.0007911189459264278,"z":0.0012493394315242768},"rotation":{"x":0.32486391067504885,"y":-0.012766916304826737,"z":0.0043862126767635349,"w":0.9456660747528076},"size":0.011871128343045712,"orthographic":false}