{"cameraMode":{"drawMode":0,"name":"Shaded","section":"Shading Mode"},"sceneLighting":true,"audioPlay":false,"sceneViewState":{"showFog":true,"showMaterialUpdate":true,"showSkybox":false,"showFlares":true,"showImageEffects":true,"showParticleSystems":true},"in2DMode":false,"pivot":{"x":-0.018954753875732423,"y":1.7221415042877198,"z":0.22260189056396485},"rotation":{"x":0.23536887764930726,"y":-0.5058598518371582,"z":0.14573518931865693,"w":0.8169888257980347},"size":10.108320236206055,"orthographic":true}