{"cameraMode":{"drawMode":0,"name":"Shaded","section":"Shading Mode"},"sceneLighting":true,"audioPlay":false,"sceneViewState":{"showFog":true,"showMaterialUpdate":true,"showSkybox":true,"showFlares":true,"showImageEffects":true,"showParticleSystems":true},"in2DMode":false,"pivot":{"x":16.252201080322267,"y":-57.8240966796875,"z":37.02289581298828},"rotation":{"x":0.48526906967163088,"y":0.030154205858707429,"z":-0.01674848422408104,"w":0.8736871480941773},"size":85.59282684326172,"orthographic":false}