{"cameraMode":{"drawMode":0,"name":"Shaded","section":"Shading Mode"},"sceneLighting":false,"audioPlay":false,"sceneViewState":{"showFog":true,"showMaterialUpdate":true,"showSkybox":false,"showFlares":true,"showImageEffects":true,"showParticleSystems":true},"in2DMode":false,"pivot":{"x":1.2488064765930176,"y":-1.7634472846984864,"z":0.1984872817993164},"rotation":{"x":0.5720465183258057,"y":-0.0012302916729822755,"z":0.0008580682333558798,"w":0.8202222585678101},"size":11.454026222229004,"orthographic":false}