{"cameraMode":{"drawMode":0,"name":"Shaded","section":"Shading Mode"},"sceneLighting":false,"audioPlay":false,"sceneViewState":{"showFog":true,"showMaterialUpdate":true,"showSkybox":false,"showFlares":true,"showImageEffects":true,"showParticleSystems":true},"in2DMode":false,"pivot":{"x":-9.896686553955079,"y":-7.977598190307617,"z":7.239250183105469},"rotation":{"x":0.2179574817419052,"y":-0.5171995759010315,"z":0.13814015686511994,"w":0.816037118434906},"size":16.50993537902832,"orthographic":false}