{"cameraMode":{"drawMode":0,"name":"Shaded","section":"Shading Mode"},"sceneLighting":false,"audioPlay":false,"sceneViewState":{"showFog":true,"showMaterialUpdate":true,"showSkybox":false,"showFlares":true,"showImageEffects":true,"showParticleSystems":true},"in2DMode":false,"pivot":{"x":-4.176403522491455,"y":6.313507080078125,"z":-2.3377039432525636},"rotation":{"x":-0.07733024656772614,"y":0.833666980266571,"z":-0.12088476866483689,"w":-0.5332986116409302},"size":4.807188987731934,"orthographic":false}