{"cameraMode":{"drawMode":0,"name":"Shaded","section":"Shading Mode"},"sceneLighting":true,"audioPlay":false,"sceneViewState":{"showFog":true,"showMaterialUpdate":true,"showSkybox":true,"showFlares":true,"showImageEffects":true,"showParticleSystems":true},"in2DMode":false,"pivot":{"x":-1.6355355978012086,"y":1.8499784469604493,"z":123.54088592529297},"rotation":{"x":0.06741465628147125,"y":-0.7032589912414551,"z":0.0672936886548996,"w":0.7045238018035889},"size":4.428102016448975,"orthographic":false}