{"cameraMode":{"drawMode":0,"name":"Shaded","section":"Shading Mode"},"sceneLighting":false,"audioPlay":true,"sceneViewState":{"showFog":true,"showMaterialUpdate":true,"showSkybox":false,"showFlares":true,"showImageEffects":true,"showParticleSystems":true},"in2DMode":false,"pivot":{"x":1.2801066637039185,"y":1.0113099813461304,"z":2.5488767623901369},"rotation":{"x":0.012127334251999855,"y":-0.9533083438873291,"z":0.03863033652305603,"w":0.29928353428840639},"size":3.5122039318084719,"orthographic":true}