{"cameraMode":{"drawMode":0,"name":"Shaded","section":"Shading Mode"},"sceneLighting":false,"audioPlay":false,"sceneViewState":{"showFog":true,"showMaterialUpdate":true,"showSkybox":false,"showFlares":true,"showImageEffects":true,"showParticleSystems":true},"in2DMode":false,"pivot":{"x":0.3289330005645752,"y":0.3584563732147217,"z":-0.0941992998123169},"rotation":{"x":0.24539107084274293,"y":-0.1203216090798378,"z":0.030710792168974878,"w":0.9614405035972595},"size":7.031736850738525,"orthographic":true}