{"cameraMode":{"drawMode":0,"name":"Shaded","section":"Shading Mode"},"sceneLighting":false,"audioPlay":false,"sceneViewState":{"showFog":true,"showMaterialUpdate":true,"showSkybox":false,"showFlares":true,"showImageEffects":true,"showParticleSystems":true},"in2DMode":false,"pivot":{"x":9.820602416992188,"y":25.43408966064453,"z":10.452062606811524},"rotation":{"x":0.03307477757334709,"y":-0.8837679028511047,"z":0.063206747174263,"w":0.4624565839767456},"size":22.622385025024415,"orthographic":false}