{"cameraMode":{"drawMode":0,"name":"Shaded","section":"Shading Mode"},"sceneLighting":false,"audioPlay":false,"sceneViewState":{"showFog":true,"showMaterialUpdate":true,"showSkybox":false,"showFlares":true,"showImageEffects":true,"showParticleSystems":true},"in2DMode":false,"pivot":{"x":-0.0035400392953306438,"y":-0.0025329282507300379,"z":0.0067138709127902988},"rotation":{"x":0.023733312264084817,"y":-0.4375131130218506,"z":0.01155213825404644,"w":0.8988267183303833},"size":0.016154924407601358,"orthographic":true}