{"cameraMode":{"drawMode":0,"name":"Shaded","section":"Shading Mode"},"sceneLighting":false,"audioPlay":false,"sceneViewState":{"showFog":true,"showMaterialUpdate":true,"showSkybox":false,"showFlares":true,"showImageEffects":true,"showParticleSystems":true},"in2DMode":false,"pivot":{"x":37.93195724487305,"y":10.890352249145508,"z":52.914939880371097},"rotation":{"x":0.2215266227722168,"y":0.09199373424053192,"z":-0.02099679782986641,"w":0.970578670501709},"size":18.89430809020996,"orthographic":false}