{"cameraMode":{"drawMode":0,"name":"Shaded","section":"Shading Mode"},"sceneLighting":false,"audioPlay":false,"sceneViewState":{"showFog":true,"showMaterialUpdate":true,"showSkybox":false,"showFlares":true,"showImageEffects":true,"showParticleSystems":true},"in2DMode":false,"pivot":{"x":0.019492805004119874,"y":0.7364873886108398,"z":2.384185791015625e-7},"rotation":{"x":-0.018753530457615854,"y":-0.980414628982544,"z":0.11672599613666535,"w":-0.15751643478870393},"size":1.1932780742645264,"orthographic":true}