{"cameraMode":{"drawMode":0,"name":"Shaded","section":"Shading Mode"},"sceneLighting":false,"audioPlay":false,"sceneViewState":{"showFog":true,"showMaterialUpdate":true,"showSkybox":false,"showFlares":true,"showImageEffects":true,"showParticleSystems":true},"in2DMode":false,"pivot":{"x":4.145210266113281,"y":1.1079291105270386,"z":-6.285745143890381},"rotation":{"x":0.022966792806982995,"y":0.972077488899231,"z":-0.20719097554683686,"w":0.10775361210107804},"size":9.06202220916748,"orthographic":false}