{"cameraMode":{"drawMode":0,"name":"Shaded","section":"Shading Mode"},"sceneLighting":false,"audioPlay":false,"sceneViewState":{"showFog":true,"showMaterialUpdate":true,"showSkybox":false,"showFlares":true,"showImageEffects":true,"showParticleSystems":true},"in2DMode":false,"pivot":{"x":8.953949928283692,"y":4.540513038635254,"z":-6.712038040161133},"rotation":{"x":0.15256400406360627,"y":0.5815754532814026,"z":-0.1121504008769989,"w":0.7911497354507446},"size":14.781091690063477,"orthographic":true}