{"cameraMode":{"drawMode":0,"name":"Shaded","section":"Shading Mode"},"sceneLighting":false,"audioPlay":false,"sceneViewState":{"showFog":true,"showMaterialUpdate":true,"showSkybox":false,"showFlares":true,"showImageEffects":true,"showParticleSystems":true},"in2DMode":false,"pivot":{"x":-0.0015870224451646209,"y":0.0027101889718323948,"z":0.013824430294334889},"rotation":{"x":0.41693153977394106,"y":-0.2933502793312073,"z":0.1442083865404129,"w":0.8481265306472778},"size":0.02132945880293846,"orthographic":true}