{"cameraMode":{"drawMode":0,"name":"Shaded","section":"Shading Mode"},"sceneLighting":false,"audioPlay":false,"sceneViewState":{"showFog":true,"showMaterialUpdate":true,"showSkybox":false,"showFlares":true,"showImageEffects":true,"showParticleSystems":true},"in2DMode":false,"pivot":{"x":-0.0015870224451646209,"y":0.0027101889718323948,"z":0.013824430294334889},"rotation":{"x":0.3350425362586975,"y":-0.3056488335132599,"z":0.11588454246520996,"w":0.8836838006973267},"size":0.01567349210381508,"orthographic":true}