{"cameraMode":{"drawMode":0,"name":"Shaded","section":"Shading Mode"},"sceneLighting":false,"audioPlay":false,"sceneViewState":{"showFog":true,"showMaterialUpdate":true,"showSkybox":false,"showFlares":true,"showImageEffects":true,"showParticleSystems":true},"in2DMode":false,"pivot":{"x":0.4621272087097168,"y":4.034509658813477,"z":0.0720592737197876},"rotation":{"x":0.0006794846849516034,"y":-0.996686577796936,"z":0.0809086337685585,"w":0.008370350115001202},"size":6.035717964172363,"orthographic":false}