{"cameraMode":{"drawMode":0,"name":"Shaded","section":"Shading Mode"},"sceneLighting":false,"audioPlay":false,"sceneViewState":{"showFog":true,"showMaterialUpdate":true,"showSkybox":false,"showFlares":true,"showImageEffects":true,"showParticleSystems":true},"in2DMode":false,"pivot":{"x":1.071140170097351,"y":-0.2519550323486328,"z":-0.29084262251853945},"rotation":{"x":0.08525887876749039,"y":0.6683270335197449,"z":-0.07753685861825943,"w":0.7348865866661072},"size":3.7030673027038576,"orthographic":false}