{"cameraMode":{"drawMode":0,"name":"Shaded","section":"Shading Mode"},"sceneLighting":true,"audioPlay":false,"sceneViewState":{"showFog":true,"showMaterialUpdate":true,"showSkybox":true,"showFlares":true,"showImageEffects":true,"showParticleSystems":true},"in2DMode":false,"pivot":{"x":1708.052734375,"y":940.8094482421875,"z":-4.197389125823975},"rotation":{"x":-0.05546639859676361,"y":-0.014079601503908635,"z":-0.0007830687100067735,"w":0.9983651638031006},"size":328.0969543457031,"orthographic":false}