{"cameraMode":{"drawMode":0,"name":"Shaded","section":"Shading Mode"},"sceneLighting":false,"audioPlay":false,"sceneViewState":{"showFog":true,"showMaterialUpdate":true,"showSkybox":false,"showFlares":true,"showImageEffects":true,"showParticleSystems":true},"in2DMode":false,"pivot":{"x":0.12573671340942384,"y":0.07793539762496948,"z":-0.004080727696418762},"rotation":{"x":0.05357295647263527,"y":-0.448417067527771,"z":0.026937367394566537,"w":0.8918108344078064},"size":1.1729897260665894,"orthographic":true}