{"cameraMode":{"drawMode":0,"name":"Shaded","section":"Shading Mode"},"sceneLighting":false,"audioPlay":false,"sceneViewState":{"showFog":true,"showMaterialUpdate":true,"showSkybox":false,"showFlares":true,"showImageEffects":true,"showParticleSystems":true},"in2DMode":false,"pivot":{"x":-131.38528442382813,"y":0.0,"z":-2.3598709106445314},"rotation":{"x":-0.018124034628272058,"y":-0.9818148016929627,"z":0.12796041369438172,"w":-0.13906198740005494},"size":306.7849426269531,"orthographic":true}