{"cameraMode":{"drawMode":0,"name":"Shaded","section":"Shading Mode"},"sceneLighting":false,"audioPlay":false,"sceneViewState":{"showFog":true,"showMaterialUpdate":true,"showSkybox":false,"showFlares":true,"showImageEffects":true,"showParticleSystems":true},"in2DMode":false,"pivot":{"x":-0.6546846628189087,"y":-0.775641679763794,"z":-0.30595701932907107},"rotation":{"x":0.09797710925340653,"y":-0.5158494710922241,"z":0.059532392770051959,"w":0.8489741683006287},"size":5.38745641708374,"orthographic":true}