{"cameraMode":{"drawMode":0,"name":"Shaded","section":"Shading Mode"},"sceneLighting":false,"audioPlay":false,"sceneViewState":{"showFog":true,"showMaterialUpdate":true,"showSkybox":false,"showFlares":true,"showImageEffects":true,"showParticleSystems":true},"in2DMode":false,"pivot":{"x":8.979026794433594,"y":0.5816299915313721,"z":3.317838668823242},"rotation":{"x":0.009808016940951348,"y":0.3570259213447571,"z":-0.003747856244444847,"w":0.934036910533905},"size":10.0,"orthographic":false}