{"cameraMode":{"drawMode":0,"name":"Shaded","section":"Shading Mode"},"sceneLighting":false,"audioPlay":false,"sceneViewState":{"showFog":true,"showMaterialUpdate":true,"showSkybox":false,"showFlares":true,"showImageEffects":true,"showParticleSystems":true},"in2DMode":false,"pivot":{"x":0.869787335395813,"y":0.5703548789024353,"z":1.798358678817749},"rotation":{"x":0.3574811518192291,"y":-0.4419819116592407,"z":0.19785316288471223,"w":0.7985714673995972},"size":6.184756278991699,"orthographic":true}